<?xml-stylesheet href="xsltforms/xsltforms.xsl" type="text/xsl"?>
<?xsltforms-options debug="yes"?>
<html
   xmlns="http://www.w3.org/1999/xhtml"
   xmlns:ev="http://www.w3.org/2001/xml-events"
   xmlns:xf="http://www.w3.org/2002/xforms"
	 >
   <head>
      <title>Sample XForms Login</title>
      <style type="text/css">
   @namespace xf url("http://www.w3.org/2002/xforms");
 
  .xforms-group {
     display: table;
   }
 
   .xforms-input, .xforms-secret {
      display: table-row;
   }
 
   .xforms-value {
      text-align: left;
   }
 
  .xforms-label, legend {
      display: table-cell;
      font-family: Arial, Helvetica, sans-serif;
      font-weight: bold;
      text-align: right;
      width: 110px;
   }
 
</style>
      <xf:model>
         <xf:instance>
            <Login xmlns="">
               <LoginID />
               <Password />
            </Login>
         </xf:instance>
      </xf:model>
   </head>
   <body>
      <fieldset>
         <legend>System Login</legend>
      <xf:input ref="LoginID">
         <xf:label>Login: </xf:label>
      </xf:input>
      <br />
      <xf:secret ref="Password">
         <xf:label>Password: </xf:label>
      </xf:secret>
      </fieldset>
   </body>
</html>
