<?xml-stylesheet href="xsltforms/xsltforms.xsl" type="text/xsl"?>
<?xsltforms-options debug="yes"?>
<html
xmlns="http://www.w3.org/1999/xhtml"
xmlns:xf="http://www.w3.org/2002/xforms"
xmlns:xs="http://www.w3.org/2001/XMLSchema"
>
   <head>
      <title>XForms Radio Button Using xf:Select appearance="full"</title>
      <xf:model>
         <xf:instance>
            <data xmlns="">
               <MyCode type="xs:string"/>
            </data>
         </xf:instance>
      </xf:model>
   </head>
   <body>
       <p>XForms Radio Button Using Select appearance="full"</p>
        <xf:select ref="MyCode" selection="closed" appearance="full" incremental="true">  
            <xf:item>
                <xf:label>Red</xf:label>
                <xf:value>red</xf:value> 
            </xf:item>
            <xf:item>
                <xf:label>Orange</xf:label>
                <xf:value>orange</xf:value>
            </xf:item>
            <xf:item>
                <xf:label>Yellow</xf:label>
                <xf:value>yellow</xf:value>
            </xf:item>
            <xf:item>
                <xf:label>Green</xf:label>
                <xf:value>green</xf:value>
            </xf:item>
            <xf:item>
                <xf:label>Blue</xf:label>
                <xf:value>blue</xf:value>
            </xf:item>
       </xf:select>
       Output: <xf:output ref="MyCode"/>
   </body>
</html>
