<?xml-stylesheet href="xsltforms/xsltforms.xsl" type="text/xsl"?>
<?xsltforms-options debug="yes"?>
<html
   xmlns="http://www.w3.org/1999/xhtml"
   xmlns:xf="http://www.w3.org/2002/xforms"
	 >
   <head>
      <title>XForms Radio Button Using Select1 appearance="full"</title>
      <xf:model>
         <xf:instance>
            <data xmlns="">
               <ColorCode/>
            </data>
         </xf:instance>
      </xf:model>
   </head>
   <body>
       <p>XForms Radio Button Usng Select1 appearance="full"</p>
        <xf:select1 ref="ColorCode" appearance="full" incremental="true">  
            <xf:item>
                <xf:label>Red</xf:label>
                <xf:value>red</xf:value> 
            </xf:item>
            <xf:item>
                <xf:label>Orange</xf:label>
                <xf:value>orange</xf:value>
            </xf:item>
            <xf:item>
                <xf:label>Yellow</xf:label>
                <xf:value>yellow</xf:value>
            </xf:item>
            <xf:item>
                <xf:label>Green</xf:label>
                <xf:value>green</xf:value>
            </xf:item>
            <xf:item>
                <xf:label>Blue</xf:label>
                <xf:value>blue</xf:value>
            </xf:item>
       </xf:select1>
       Output: <xf:output ref="ColorCode"/>
   </body>
</html>
