<?xml-stylesheet href="xsltforms/xsltforms.xsl" type="text/xsl"?>
<?xsltforms-options debug="yes"?>
<html 
   xmlns="http://www.w3.org/1999/xhtml" 
   xmlns:xf="http://www.w3.org/2002/xforms"
	 >
   <head>
      <title>XForms textarea</title>
      <xf:model>
         <xf:instance>
            <data xmlns="">
               <MyTextValue />
            </data>
         </xf:instance>
      </xf:model>
   </head>
   <body>
      <xf:textarea ref="MyTextValue">
         <xf:label>Note:</xf:label>
      </xf:textarea>
   </body>
</html>
