<?xml-stylesheet href="xsltforms/xsltforms.xsl" type="text/xsl"?>
<?xsltforms-options debug="yes"?>
<html xmlns="http://www.w3.org/1999/xhtml" xmlns:xsd="http://www.w3.org/2001/XMLSchema" xmlns:ev="http://www.w3.org/2001/xml-events" xmlns:xsltforms="http://www.agencexml.com/xsltforms" xmlns:rte="http://www.agencexml.com/xsltforms/rte">
	<head>
		<title>TinyMCE Support</title>
		<style type="text/css">
			.large-textarea textarea {
				font-family: Courier, sans-serif;
				height: 10em;
				width: 500px;
			}
		</style>
		<script type="text/javascript" src="xsltforms/scripts/tinymce_3.4.6/tiny_mce.js">/* */</script>
		<model xmlns="http://www.w3.org/2002/xforms">
			<schema xmlns="http://www.w3.org/2001/XMLSchema" targetNamespace="http://www.agencexml.com/xsltforms/rte">
				<simpleType name="standardHTML">
					<restriction base="xsd:string" xsltforms:rte="TinyMCE"/>
					<annotation>
						<appinfo>
							{
								theme : "advanced",
								skin : "o2k7",
								plugins : "lists,pagebreak,style,layer,table,save,advhr,advimage,advlink,emotions,iespell,insertdatetime,preview,media,searchreplace,print,contextmenu,paste,directionality,fullscreen,noneditable,visualchars,nonbreaking,xhtmlxtras,template,inlinepopups,autosave",
								theme_advanced_buttons1 : "save,newdocument,|,bold,italic,underline,strikethrough,|,justifyleft,justifycenter,justifyright,justifyfull,styleselect,formatselect,fontselect,fontsizeselect",
								theme_advanced_buttons2 : "cut,copy,paste,pastetext,pasteword,|,search,replace,|,bullist,numlist,|,outdent,indent,blockquote,|,undo,redo,|,link,unlink,anchor,image,cleanup,help,code,|,insertdate,inserttime,preview,|,forecolor,backcolor",
								theme_advanced_buttons3 : "tablecontrols,|,hr,removeformat,visualaid,|,sub,sup,|,charmap,emotions,iespell,media,advhr,|,print,|,ltr,rtl,|,fullscreen",
								theme_advanced_buttons4 : "insertlayer,moveforward,movebackward,absolute,|,styleprops,|,cite,abbr,acronym,del,ins,attribs,|,visualchars,nonbreaking,template,pagebreak,restoredraft",
								theme_advanced_toolbar_location : "top",
								theme_advanced_toolbar_align : "left",
								theme_advanced_statusbar_location : "bottom",
								theme_advanced_resizing : true,
							}
						</appinfo>
					</annotation>
				</simpleType>
			</schema>
			<instance id="main">
				<data xmlns="">
					<richtext>&lt;p&gt;Paragraph &lt;i&gt;number one&lt;/i&gt;&lt;/p&gt;</richtext>
				</data>
			</instance>
			<bind nodeset="richtext" type="rte:standardHTML"/>
		</model>
	</head>
	<body>
		<group xmlns="http://www.w3.org/2002/xforms">
			<trigger>
				<label>Hello World!</label>
				<setvalue ev:event="DOMActivate" ref="richtext" value="'Hello &lt;strong&gt;World&lt;/strong&gt;!'"/>
			</trigger>
			<textarea ref="richtext" class="large-textarea" mediatype="application/xhtml+xml"/>
		</group>
		<table>
			<tr>
				<td>Raw resulting value: </td>
				<td><output xmlns="http://www.w3.org/2002/xforms" value="richtext"/></td>
			</tr>
			<tr>
				<td>HTML resulting value: </td>
				<td><output xmlns="http://www.w3.org/2002/xforms" value="richtext" mediatype="application/xhtml+xml"/></td>
			</tr>
		</table>
	</body>
</html>